1345.85,1370.35,1371.55,1343.0
1342.51,1345.91,1350.7,1337.95
1334.7,1343.25,1353.4,1333.85
1333.75,1334.49,1338.75,1323.05
1345.89,1333.11,1346.76,1325.06
1311.49,1346.74,1341.64,1309.09
1335.35,1312.95,1347.21,1308.56
1332.19,1336.93,1346.18,1323.29
1340.6,1332.15,1343.6,1325.65
1336.8,1340.89,1343.79,1326.8
1353.2,1336.35,1356.15,1325.14
1349.25,1353.8,1358.43,1345.3
1349.1,1348.15,1353.4,1343.13
1364.0,1350.65,1368.18,1348.45
1362.95,1364.14,1367.4,1358.36
1362.01,1363.41,1366.57,1350.78
1356.1,1363.51,1368.51,1353.99
1362.31,1359.36,1367.15,1354.45
1373.4,1362.02,1376.85,1360.85
1375.11,1373.45,1382.29,1368.45
1383.67,1374.53,1385.28,1374.43
1387.3,1383.74,1392.15,1382.0
1406.45,1388.45,1408.7,1388.45
1398.15,1406.56,1411.26,1393.14
1410.45,1399.66,1416.8,1395.7
1400.25,1411.97,1418.42,1392.0
1409.25,1402.06,1412.14,1399.54
1411.65,1408.9,1416.6,1404.6
1433.85,1410.94,1435.0,1409.35
1434.95,1434.15,1440.5,1427.9
1416.4,1435.15,1436.55,1410.36
1429.3,1416.09,1432.36,1413.41
1433.17,1428.28,1445.03,1428.28
1428.89,1431.2,1437.16,1423.7
1429.5,1428.59,1436.55,1423.31
1413.45,1429.45,1431.75,1403.12
1417.4,1412.9,1424.55,1404.7
1428.65,1422.09,1433.89,1419.79
1395.95,1429.49,1429.49,1382.9
1401.3,1396.8,1408.35,1393.85
1404.4,1401.99,1406.95,1388.25
1419.55,1405.39,1425.7,1403.4
1427.05,1426.46,1436.7,1425.19
1428.55,1427.95,1428.74,1424.86
1438.2,1429.49,1442.9,1427.61
1431.1,1439.29,1449.4,1425.2
1429.65,1432.8,1438.7,1422.79
1420.65,1427.85,1430.04,1411.95
1418.8,1422.2,1425.1,1412.85
1423.88,1418.52,1430.5,1412.25
1432.0,1424.85,1441.3,1422.25
1428.38,1432.59,1436.55,1413.05
1436.94,1428.74,1438.94,1427.79
1451.1,1437.05,1457.35,1430.1
1457.5,1456.7,1462.41,1451.6
1458.5,1460.7,1466.8,1454.09
1475.1,1460.39,1476.85,1458.25
1463.4,1473.55,1476.61,1459.2
1453.6,1462.15,1467.5,1443.89
1457.75,1452.49,1462.3,1450.96
1474.9,1459.15,1477.3,1454.8
1486.5,1476.79,1489.9,1473.2
1495.51,1486.43,1497.64,1477.59
1495.1,1497.29,1501.31,1489.3
1502.35,1497.3,1507.7,1495.16
1504.35,1503.49,1510.75,1502.35
1508.13,1507.35,1512.95,1502.15
1507.25,1511.45,1520.1,1503.7
1507.05,1505.94,1507.91,1493.0
1526.9,1506.59,1530.4,1503.3
1535.45,1527.51,1538.85,1524.25
1565.6,1536.95,1571.3,1533.0
1545.0,1567.79,1576.29,1540.89
1536.83,1545.34,1551.8,1527.96
1515.95,1537.1,1543.46,1506.5
1473.65,1516.79,1523.69,1464.4
1495.25,1474.65,1498.59,1471.05
1513.05,1493.26,1514.31,1489.99
1515.72,1513.03,1519.65,1506.17
1500.25,1513.25,1526.8,1496.15
1502.85,1500.25,1508.3,1479.3
1494.55,1506.41,1516.93,1483.03
1489.7,1493.75,1504.9,1487.89
1486.85,1491.2,1499.6,1473.5
1497.0,1486.3,1501.6,1486.3
1493.6,1498.3,1501.51,1488.4
1513.55,1495.5,1517.55,1488.95
1517.2,1512.6,1518.01,1504.05
1526.4,1518.7,1529.45,1515.0
1525.95,1527.69,1534.1,1523.06
1519.05,1524.26,1531.7,1515.39
1536.65,1523.59,1540.1,1520.0
1538.45,1537.24,1540.0,1534.39
1535.35,1539.95,1542.5,1534.26
1540.7,1535.15,1550.64,1529.55
1533.9,1542.49,1546.16,1521.6
1542.5,1535.74,1547.46,1525.89
1544.0,1544.59,1555.3,1542.2
1544.25,1543.55,1550.5,1536.7
1537.55,1545.75,1548.09,1532.76
1544.35,1538.8,1551.3,1534.9
1531.9,1545.6,1546.99,1527.74
1515.23,1530.5,1533.06,1511.61
1524.1,1516.73,1527.8,1513.95
1530.7,1523.75,1534.25,1514.36
1528.85,1530.09,1532.8,1522.4
1539.5,1528.85,1542.15,1522.5
1540.45,1538.9,1546.4,1533.24
1546.2,1540.45,1548.4,1538.55
1547.8,1548.45,1559.75,1543.1
1520.85,1549.29,1550.85,1514.7
1502.15,1522.7,1527.41,1500.41
1497.0,1500.5,1507.29,1492.3
1501.0,1496.7,1506.56,1496.0
1512.05,1501.8,1513.19,1500.5
1500.1,1512.05,1514.21,1498.7
1486.5,1502.84,1504.19,1480.01
1495.95,1486.5,1497.06,1485.91
1516.3,1496.05,1517.09,1493.0
1529.5,1517.64,1535.45,1511.89
1532.55,1530.1,1536.2,1524.81
1544.25,1533.85,1547.3,1526.2
1554.1,1544.05,1557.09,1541.9
1567.2,1555.6,1574.96,1542.3
1582.25,1566.95,1587.96,1564.35
1587.25,1582.25,1594.66,1579.3
1594.1,1588.75,1595.65,1577.81
1605.4,1595.45,1609.01,1593.59
1588.35,1605.3,1610.01,1582.59
1602.1,1589.85,1603.69,1583.0
1589.9,1598.58,1606.16,1586.59
1599.25,1592.98,1609.01,1585.36
1614.55,1599.28,1622.99,1599.28
1619.3,1614.55,1620.49,1608.29
1613.5,1618.49,1628.5,1608.96
1616.85,1613.5,1620.1,1603.4
1626.64,1616.05,1632.8,1610.64
1620.1,1628.14,1633.66,1609.69
1659.75,1620.32,1661.05,1616.29
1661.2,1659.75,1673.15,1652.0
1648.4,1661.2,1682.17,1640.09
1665.0,1648.4,1670.1,1642.4
1717.35,1662.75,1720.49,1662.67
1743.9,1717.35,1778.79,1714.75
1795.0,1743.9,1797.36,1740.0
1767.9,1796.5,1815.79,1734.1
1746.6,1763.96,1768.3,1723.55
1765.5,1746.25,1766.44,1728.01
1786.3,1766.3,1788.2,1761.99
1788.65,1786.75,1794.9,1779.39
1824.35,1789.64,1829.0,1784.34
1852.45,1824.35,1877.5,1821.35
1898.1,1859.89,1901.19,1858.2
1830.15,1897.84,1911.96,1823.5
1751.05,1830.05,1854.11,1749.89
1771.6,1750.35,1774.9,1703.45
1828.55,1772.64,1829.15,1757.24
1788.45,1837.84,1839.24,1776.64
1835.3,1787.96,1840.26,1784.05
1823.8,1835.39,1839.7,1812.89
1825.05,1823.09,1830.6,1814.65
1884.2,1824.84,1884.9,1824.0
1900.49,1877.99,1904.2,1875.3
1873.72,1903.4,1921.11,1860.91
1816.96,1872.39,1880.61,1793.69
1868.76,1816.96,1870.3,1812.99
1857.81,1868.76,1885.89,1824.94
1813.75,1857.66,1861.6,1801.09
1833.8,1813.75,1843.7,1799.25
1819.7,1833.64,1844.89,1808.29
1789.14,1820.6,1826.49,1772.54
1811.95,1788.45,1822.2,1763.05
1778.75,1818.5,1828.47,1770.7
1803.75,1778.34,1811.4,1770.24
1781.79,1803.54,1816.76,1778.8
1735.83,1779.34,1786.19,1721.84
1656.59,1737.63,1756.01,1629.99
1627.35,1657.29,1662.99,1534.99
1649.95,1624.79,1677.19,1614.91
1608.8,1650.25,1668.85,1598.7
1614.55,1606.94,1634.09,1583.3
1623.75,1615.99,1640.49,1607.19
1660.95,1618.35,1664.46,1618.35
1624.3,1660.65,1678.86,1596.0
1640.9,1624.69,1646.7,1597.25
1650.63,1641.49,1655.65,1632.24
1639.45,1644.2,1666.55,1625.95
1675.44,1654.14,1678.1,1638.09
1663.1,1676.45,1685.22,1654.46
1677.2,1662.29,1692.1,1660.39
1666.7,1674.89,1684.39,1653.19
1679.95,1667.3,1684.26,1661.5
1670.65,1683.29,1696.1,1666.44
1655.15,1671.2,1677.22,1627.2
1641.8,1654.75,1665.39,1639.4
1619.1,1643.44,1645.0,1603.99
1641.02,1618.99,1648.59,1611.44
1652.68,1641.99,1662.09,1635.6
1705.35,1654.4,1710.8,1645.24
1725.75,1707.19,1728.5,1696.7
1744.45,1725.24,1750.11,1705.74
1742.95,1744.7,1752.85,1733.0
1715.25,1744.15,1746.5,1706.59
1720.3,1716.05,1725.29,1683.74
1737.0,1720.9,1745.89,1715.74
1763.15,1736.5,1767.9,1722.84
1754.15,1763.26,1764.9,1750.0
1795.86,1753.95,1798.69,1752.89
1785.0,1794.89,1803.1,1777.1
1772.24,1785.2,1799.64,1764.14
1759.2,1770.71,1775.85,1736.55
1788.99,1759.64,1789.41,1746.05
1781.0,1788.14,1796.16,1773.59
1781.4,1780.39,1785.85,1760.54
1762.35,1781.94,1784.14,1754.25
1719.1,1762.19,1767.16,1710.05
1723.05,1722.29,1737.79,1711.34
1680.85,1723.3,1726.64,1666.54
1699.2,1679.3,1705.8,1671.55
1693.3,1700.66,1710.77,1677.94
1694.75,1692.39,1702.23,1687.69
1680.13,1694.85,1697.9,1672.09
1712.3,1680.8,1720.49,1680.8
1716.75,1712.05,1720.76,1704.11
1745.7,1714.99,1750.23,1701.0
1745.25,1746.85,1754.86,1734.1
1745.25,1745.16,1762.61,1738.15
1721.64,1746.15,1755.3,1718.44
1728.2,1722.5,1733.46,1702.85
1742.1,1728.46,1743.26,1720.65
1708.8,1742.0,1754.7,1704.51
1711.1,1708.29,1724.3,1703.54
1666.3,1711.64,1715.05,1657.9
1632.1,1666.25,1678.3,1622.75
1575.1,1632.11,1641.89,1564.85
1570.7,1574.49,1594.26,1561.07
1597.95,1570.24,1600.95,1568.86
1594.1,1599.35,1608.5,1583.44
1615.65,1594.26,1619.12,1592.35
1615.15,1615.26,1642.36,1606.4
1604.7,1615.35,1617.36,1599.15
1606.6,1606.75,1614.31,1603.15
1605.82,1607.51,1612.15,1597.86
1592.9,1607.51,1607.79,1589.75
1553.0,1593.75,1593.81,1550.1
1546.7,1556.39,1561.51,1522.64
1564.3,1545.89,1581.26,1544.75
1566.27,1566.61,1569.61,1565.37
1604.14,1566.2,1607.45,1565.85
1612.4,1602.75,1618.92,1593.1
1623.0,1611.39,1625.86,1596.74
1616.85,1621.44,1630.56,1608.89
1611.5,1616.78,1623.69,1604.94
1631.56,1611.57,1640.27,1608.62
1641.8,1632.39,1647.4,1630.29
1650.1,1640.64,1662.12,1640.39
1639.35,1650.66,1650.75,1626.06
1643.4,1639.68,1647.35,1631.44
1651.74,1643.84,1667.87,1641.45
1661.25,1652.2,1662.5,1642.74
1657.6,1659.7,1670.15,1648.94
1666.9,1657.79,1667.11,1644.69
1677.0,1666.68,1681.66,1662.59
1665.2,1676.99,1679.89,1661.29
1711.9,1665.69,1713.3,1649.19
1721.5,1710.72,1730.62,1703.65
1738.89,1720.49,1738.91,1714.8
1730.05,1738.05,1739.35,1716.69
1739.43,1729.19,1747.79,1726.8
1743.6,1738.75,1751.56,1732.95
1759.99,1744.2,1761.57,1741.49
1725.3,1760.06,1763.76,1724.35
1720.3,1726.3,1738.09,1711.79
1746.5,1719.8,1750.2,1709.79
1733.55,1745.76,1751.86,1724.95
1729.6,1733.7,1751.9,1725.69
1719.85,1731.54,1734.8,1704.14
1722.5,1725.3,1733.61,1716.47
1720.1,1722.96,1727.81,1712.2
1729.01,1719.62,1737.47,1718.52
1728.7,1727.79,1730.01,1705.49
1722.45,1728.84,1735.95,1717.45
1734.0,1723.78,1737.3,1723.67
1759.15,1734.03,1760.21,1731.09
1777.55,1759.59,1781.8,1749.54
1780.1,1776.24,1787.61,1772.29
1773.49,1780.3,1783.11,1770.74
1766.3,1773.28,1779.59,1762.24
1785.85,1767.05,1789.96,1766.0
1695.2,1784.59,1790.8,1688.49
1716.55,1696.2,1726.21,1694.7
1712.3,1717.7,1724.19,1705.19
1706.7,1711.05,1716.76,1694.64
1674.0,1705.97,1709.0,1664.35
1684.95,1674.6,1688.42,1671.35
1700.65,1685.09,1703.86,1682.85
1713.09,1700.2,1714.59,1677.84
1700.53,1709.08,1714.3,1692.84
1675.5,1699.66,1705.97,1662.6
1643.6,1675.74,1683.45,1635.59
1658.23,1642.89,1666.79,1636.59
1660.65,1659.71,1665.01,1639.8
1664.55,1654.98,1671.4,1654.14
1650.35,1666.04,1666.29,1643.29
1650.5,1651.11,1661.65,1646.91
1644.85,1652.05,1658.01,1629.68
1662.26,1645.41,1666.74,1642.38
1689.98,1661.81,1694.0,1655.6
1680.05,1690.3,1696.81,1679.11
1662.18,1680.21,1684.41,1655.11
1661.38,1661.94,1665.29,1645.39
1668.9,1661.55,1671.11,1659.91
1677.75,1668.55,1680.09,1676.2
1645.33,1676.59,1681.16,1639.24
1620.23,1644.64,1648.15,1612.3
1631.25,1620.36,1633.67,1620.15
1639.49,1628.95,1639.49,1628.49
1641.28,1641.44,1649.0,1627.7
1660.35,1641.13,1663.1,1632.2
1657.95,1659.49,1662.9,1653.44
1675.48,1659.14,1680.2,1651.29
1659.0,1675.55,1678.31,1649.51
1652.1,1654.09,1657.8,1641.14
1649.9,1652.9,1657.71,1635.05
1642.07,1651.24,1656.05,1639.29
1643.6,1643.49,1655.0,1632.8
1642.7,1643.55,1647.31,1638.95
1638.7,1643.44,1644.9,1621.99
1641.0,1638.75,1649.52,1633.95
1644.7,1641.41,1646.53,1624.47
1656.9,1645.98,1662.6,1643.15
1662.05,1657.15,1667.72,1650.55
1664.36,1662.42,1666.58,1644.98
1662.1,1666.75,1673.2,1658.59
1653.5,1662.4,1663.4,1646.71
1635.76,1653.26,1653.72,1631.17
1642.83,1636.0,1647.27,1626.91
1639.15,1641.79,1644.4,1634.21
1605.0,1638.57,1639.52,1595.55
1589.34,1605.67,1606.64,1579.78
1593.66,1589.69,1602.2,1586.07
1580.05,1593.87,1595.37,1573.9
1556.85,1580.6,1585.89,1556.0
1544.45,1557.15,1564.06,1541.6
1540.05,1546.1,1553.8,1529.0
1574.0,1540.39,1581.7,1538.8
1593.09,1574.78,1598.68,1569.05
1592.65,1593.65,1600.79,1586.8
1568.95,1593.53,1596.03,1563.29
1562.0,1569.19,1570.35,1535.41
1559.0,1563.36,1579.5,1553.15
1573.45,1558.5,1574.57,1551.9
1573.33,1574.09,1584.0,1571.13
1555.75,1574.1,1582.9,1548.64
1562.45,1554.8,1569.77,1532.1
1560.7,1563.9,1574.3,1554.09
1626.25,1560.45,1630.02,1545.3
1618.4,1627.29,1629.69,1610.71
1617.1,1619.25,1623.91,1612.71
1620.4,1617.2,1641.11,1614.34
1589.0,1620.2,1629.41,1579.75
1594.45,1589.15,1595.47,1562.05
1596.45,1593.1,1608.35,1582.89
1610.05,1596.45,1618.01,1586.9
1618.35,1609.26,1624.97,1606.2
1623.32,1617.9,1627.79,1610.0
1626.76,1622.94,1633.7,1619.59
1628.4,1627.31,1630.31,1607.1
1618.07,1628.51,1633.51,1617.51
1605.9,1618.81,1623.01,1590.9
1565.3,1605.06,1607.29,1564.49
1572.15,1564.31,1573.81,1558.8
1584.6,1572.0,1588.51,1566.35
1572.15,1583.76,1587.31,1567.95
1574.3,1572.5,1581.91,1563.15
1551.9,1573.61,1579.31,1547.85
1598.6,1551.39,1607.19,1550.94
1596.35,1599.3,1602.51,1587.45
1616.65,1598.69,1626.7,1596.59
1615.63,1617.24,1620.59,1611.94
1604.75,1617.34,1625.8,1598.89
1582.9,1604.95,1610.0,1576.7
1587.15,1580.84,1593.3,1576.39
1566.5,1591.16,1602.9,1565.89
1576.9,1565.41,1583.41,1565.41
1572.4,1576.85,1578.36,1554.95
1589.05,1571.2,1597.11,1566.25
1589.35,1591.39,1595.3,1578.79
1582.75,1591.19,1600.5,1572.66
1573.8,1584.29,1587.16,1568.84
1582.05,1573.89,1593.0,1573.64
1583.63,1582.01,1587.91,1574.04
1576.9,1582.64,1584.26,1564.49
1580.5,1580.4,1584.66,1568.35
1605.38,1581.44,1611.41,1579.94
1616.2,1605.0,1622.02,1601.5
1623.28,1616.14,1629.6,1611.99
1621.1,1625.1,1626.7,1614.85
1613.9,1621.3,1628.31,1610.95
1599.2,1599.25,1618.9,1592.35
1590.35,1599.25,1614.9,1585.1
1604.3,1590.28,1606.91,1586.74
1611.0,1605.0,1615.61,1602.85
1611.18,1610.99,1618.41,1609.09
1611.9,1611.29,1617.01,1603.55
1617.7,1612.1,1618.72,1609.85
1620.05,1617.64,1626.56,1605.7
1610.15,1620.35,1625.82,1607.71
1598.65,1610.16,1616.81,1594.71
1603.38,1598.64,1606.4,1590.19
1614.8,1604.14,1618.99,1600.79
1615.8,1614.44,1620.1,1611.9
1620.7,1616.26,1623.01,1610.2
1638.5,1620.55,1641.81,1618.66
1654.0,1638.2,1656.41,1634.87
1670.65,1654.0,1675.41,1652.41
1670.35,1670.14,1673.81,1662.79
1664.1,1671.44,1676.95,1663.09
1667.03,1663.44,1672.7,1657.44
1656.55,1667.25,1670.15,1652.97
1656.15,1656.55,1664.51,1651.8
1691.15,1656.15,1693.32,1647.34
1692.4,1692.2,1695.61,1685.7
1696.4,1692.99,1700.45,1689.96
1693.65,1695.05,1696.37,1687.65
1701.65,1693.45,1713.52,1691.65
1736.5,1701.94,1741.8,1689.2
1725.8,1735.85,1740.26,1724.91
1731.75,1726.1,1737.91,1725.45
1731.5,1732.54,1746.7,1725.79
1766.9,1730.65,1772.87,1717.25
1772.48,1766.44,1778.01,1765.04
1761.45,1774.74,1776.76,1754.59
1770.95,1761.55,1773.61,1752.95
1769.8,1769.85,1768.35,1765.65
1766.7,1769.85,1772.5,1756.1
1773.05,1767.3,1787.81,1766.4
1764.15,1773.39,1773.39,1755.8
1760.65,1764.26,1775.51,1758.41
1752.2,1760.5,1766.01,1738.11
1777.9,1754.9,1780.81,1751.36
1771.22,1777.72,1783.63,1767.53
1774.4,1771.2,1791.81,1763.55
1778.0,1776.4,1784.81,1771.57
1779.15,1774.1,1782.31,1771.0
1790.55,1779.19,1796.9,1779.19
1780.98,1790.79,1796.19,1772.84
1774.9,1780.71,1780.9,1766.75
1764.15,1775.45,1779.96,1760.55
1762.55,1764.26,1768.41,1757.47
1768.8,1761.8,1775.31,1758.7
1754.25,1768.79,1773.6,1752.34
1736.1,1753.6,1753.6,1729.36
1747.8,1736.3,1748.61,1734.9
1750.3,1748.4,1753.81,1743.2
1741.7,1749.91,1752.4,1738.41
1720.9,1740.59,1743.58,1716.29
1729.45,1721.8,1729.61,1714.0
1708.7,1728.4,1730.6,1704.11
1702.43,1708.39,1714.56,1698.89
1711.8,1701.85,1718.21,1701.4
1711.35,1712.0,1718.91,1700.95
1709.85,1711.5,1717.57,1706.0
1709.49,1710.06,1715.61,1705.2
1720.55,1709.96,1726.05,1709.54
1714.7,1720.66,1727.11,1713.55
1677.85,1714.79,1717.06,1674.44
1684.6,1677.2,1686.57,1672.85
1715.95,1684.93,1721.01,1683.8
1716.69,1715.98,1731.79,1702.97
1730.99,1717.32,1735.82,1713.61
1731.24,1731.64,1739.05,1727.05
1728.35,1732.0,1738.41,1725.9
1725.5,1728.51,1733.21,1718.3
1726.45,1725.5,1733.4,1720.81
1715.8,1726.45,1727.96,1705.3
1713.7,1716.11,1717.51,1706.1
1731.94,1713.54,1735.34,1713.43
1728.65,1732.11,1735.81,1722.4
1729.11,1728.57,1732.08,1720.91
1729.55,1729.09,1732.75,1728.35
1753.0,1729.55,1754.6,1728.39
1749.1,1753.11,1753.11,1746.1
1742.05,1748.94,1751.8,1738.89
1719.69,1741.92,1743.23,1706.03
1725.4,1719.5,1728.71,1718.4
1714.8,1725.71,1731.9,1709.09
1715.25,1713.9,1722.11,1712.99
1697.35,1715.55,1717.67,1691.25
1693.99,1697.47,1707.18,1684.98
1699.14,1693.87,1703.38,1686.11
1703.65,1699.31,1705.61,1684.4
1710.25,1704.45,1717.6,1702.64
1710.1,1712.3,1714.6,1705.04
1711.95,1709.99,1723.41,1707.84
1697.3,1711.81,1712.11,1689.55
1695.47,1697.41,1700.74,1693.45
1697.93,1695.76,1700.03,1687.05
1670.15,1698.21,1703.47,1661.62
1666.94,1670.38,1676.99,1663.42
1647.75,1667.22,1672.12,1635.7
1656.99,1647.64,1659.68,1635.62
1657.48,1657.79,1665.9,1652.13
1658.9,1657.91,1663.15,1657.81
1660.14,1658.12,1667.89,1650.38
1663.9,1660.31,1665.76,1653.05
1655.4,1663.84,1666.49,1653.44
1674.95,1656.21,1680.71,1655.71
1675.15,1675.26,1676.21,1664.55
1686.75,1675.03,1695.1,1670.39
1663.35,1686.54,1690.0,1660.89
1656.85,1663.42,1664.42,1626.4
1647.25,1656.51,1662.71,1642.75
1659.0,1647.21,1662.3,1646.64
1657.9,1658.83,1666.41,1651.45
1675.25,1657.97,1679.21,1654.1
1663.05,1675.28,1677.05,1654.05
1667.2,1661.95,1674.8,1660.04
1678.9,1666.94,1685.3,1666.44
1679.5,1678.65,1685.11,1673.55
1687.64,1679.79,1695.94,1666.94
1683.95,1687.25,1695.51,1683.6
1690.05,1684.9,1691.6,1684.9
1692.1,1690.05,1696.26,1686.64
1685.75,1692.37,1695.61,1683.45
1667.74,1686.35,1686.45,1665.08
1658.69,1667.88,1672.59,1655.78
1654.95,1658.76,1662.81,1652.54
1663.85,1655.2,1666.06,1654.3
1677.1,1663.96,1683.79,1662.79
1663.6,1677.42,1681.01,1658.15
1667.15,1664.02,1682.31,1660.35
1674.4,1667.55,1677.61,1661.79
1673.0,1674.21,1684.9,1666.76
1677.49,1672.62,1679.49,1668.22
1671.3,1677.71,1683.51,1663.41
1667.5,1671.72,1673.91,1665.45
1649.74,1666.93,1669.7,1643.62
1650.8,1647.94,1653.5,1639.22
1642.74,1650.85,1653.59,1640.33
1634.85,1642.84,1650.05,1632.72
1609.44,1634.53,1636.1,1598.42
1610.05,1609.95,1619.0,1607.33
1604.6,1609.93,1615.34,1600.72
1562.9,1604.71,1609.82,1558.85
1576.05,1563.09,1584.88,1554.88
1580.7,1576.0,1587.25,1570.16
1594.24,1581.29,1597.18,1575.18
1613.49,1593.93,1620.05,1584.6
1597.6,1613.39,1614.89,1592.33
1580.14,1597.38,1602.98,1574.72
1575.24,1580.18,1587.29,1564.83
1573.95,1579.01,1585.11,1569.65
1575.44,1573.88,1586.3,1571.72
1583.69,1575.28,1584.79,1567.53
1578.9,1583.59,1585.89,1574.94
1578.35,1579.12,1583.51,1561.41
1581.0,1578.4,1583.61,1575.65
1592.7,1582.01,1598.81,1580.25
1587.8,1592.91,1599.61,1585.55
1590.3,1587.9,1593.5,1576.99
1592.45,1590.41,1598.81,1588.9
1605.3,1597.26,1611.31,1592.56
1613.4,1605.41,1615.77,1600.15
1606.5,1613.5,1615.21,1603.55
1614.7,1606.58,1616.97,1604.65
1608.45,1614.7,1616.35,1603.79
1605.4,1609.3,1613.76,1589.99
1599.2,1605.6,1606.27,1594.85
1605.4,1599.31,1608.61,1591.5
1596.74,1605.76,1607.88,1594.06
1598.9,1597.74,1601.31,1594.94
1575.85,1599.6,1604.21,1574.0
1557.85,1576.04,1577.41,1550.19
1553.32,1557.96,1559.87,1540.35
1582.0,1553.32,1582.05,1549.34
1573.7,1581.25,1583.37,1567.55
1585.2,1572.94,1590.5,1570.44
1558.75,1584.95,1588.91,1556.0
1561.35,1559.3,1568.42,1553.71
1478.85,1560.69,1564.86,1477.5
1353.25,1478.3,1495.66,1336.54
1368.9,1353.86,1402.35,1322.46
1377.0,1369.3,1395.1,1365.1
1391.25,1376.8,1401.96,1340.36
1404.35,1391.21,1425.01,1386.46
1426.25,1405.17,1439.77,1404.61
1413.35,1426.86,1432.42,1406.55
1431.3,1412.69,1433.4,1411.79
1467.85,1431.45,1469.46,1427.25
1463.0,1467.95,1485.31,1448.69
1476.65,1464.85,1478.56,1462.45
1477.1,1475.99,1479.31,1460.99
1457.6,1476.55,1478.57,1440.6
1467.1,1457.65,1474.26,1449.3
1470.7,1467.45,1488.3,1456.4
1469.5,1470.5,1479.06,1465.1
1452.6,1470.2,1470.78,1441.72
1472.8,1452.7,1476.97,1447.9
1458.2,1473.3,1476.01,1453.7
1448.2,1458.79,1462.36,1421.11
1430.55,1448.69,1448.69,1426.34
1426.0,1431.1,1445.57,1422.26
1392.9,1426.5,1430.85,1389.65
1386.3,1392.71,1398.52,1369.9
1359.2,1387.39,1392.96,1355.6
1394.15,1363.09,1399.1,1339.45
1376.3,1394.75,1401.76,1360.3
1369.4,1376.95,1415.11,1355.47
1391.2,1369.2,1397.85,1356.74
1386.05,1391.2,1398.45,1382.7
1394.78,1388.15,1396.9,1384.24
1380.85,1394.24,1400.55,1374.14
1392.95,1380.79,1395.16,1379.99
1413.75,1392.95,1418.31,1388.69
1386.9,1413.75,1421.5,1384.64
1411.6,1389.09,1416.61,1388.94
1399.9,1412.0,1415.62,1389.86
1403.3,1398.94,1410.51,1395.69
1413.65,1403.3,1423.66,1391.84
1384.47,1413.72,1418.03,1377.86
1386.9,1378.89,1389.06,1376.49
1379.6,1387.01,1387.12,1367.26
1388.4,1379.5,1394.87,1374.35
1386.05,1388.26,1395.27,1374.7
1390.7,1385.89,1392.11,1378.54
1384.85,1391.29,1392.11,1380.94
1368.4,1384.9,1386.16,1361.15
1351.3,1367.7,1376.02,1349.35
1278.0,1351.51,1348.52,1276.8
1297.25,1278.34,1348.41,1269.39
1281.9,1297.3,1301.62,1276.35
1277.35,1282.1,1289.41,1271.92
1226.35,1278.1,1277.62,1222.91
1200.75,1226.6,1245.46,1198.06
1234.25,1200.3,1245.61,1181.82
1253.3,1233.49,1261.11,1226.31
1242.5,1253.35,1266.55,1241.8
1252.3,1242.65,1260.71,1237.05
1250.3,1251.3,1257.82,1245.4
1223.8,1249.28,1250.86,1207.99
1237.0,1223.21,1239.41,1215.95
1249.95,1237.4,1261.02,1233.9
1264.25,1250.5,1266.22,1244.47
1285.3,1264.8,1298.97,1278.81
1284.9,1286.67,1288.86,1267.9
1282.6,1285.45,1294.32,1276.26
1292.6,1282.3,1295.95,1277.56
1276.0,1293.0,1297.61,1274.21
1285.1,1276.1,1288.7,1275.05
1296.35,1285.2,1297.95,1282.55
1335.9,1297.4,1339.77,1311.76
1348.1,1335.25,1348.3,1327.15
1321.3,1347.8,1348.3,1313.55
1333.65,1321.4,1338.02,1309.35
1333.9,1333.96,1340.82,1312.82
1327.6,1333.91,1338.71,1323.32
1327.3,1328.0,1330.38,1318.5
1323.1,1326.9,1338.87,1305.91
1308.95,1322.7,1330.77,1307.2
1312.0,1307.79,1318.4,1283.19
1303.95,1313.1,1319.91,1297.86
1281.9,1303.85,1307.27,1279.85
1287.75,1281.95,1289.42,1273.25
1312.0,1287.7,1314.56,1283.85
1314.5,1312.09,1317.0,1305.56
1336.4,1314.6,1343.67,1314.6
1321.3,1336.9,1341.72,1319.27
1335.2,1321.4,1337.3,1316.55
1366.05,1335.19,1369.9,1319.31
1376.4,1367.3,1380.21,1357.95
1365.98,1376.35,1384.6,1362.49
1371.17,1366.39,1376.2,1355.26
1366.35,1371.8,1378.81,1360.1
1375.85,1366.5,1381.61,1355.8
1396.85,1375.79,1400.21,1369.14
1404.9,1398.88,1404.86,1391.44
1416.65,1405.16,1424.02,1396.75
1418.5,1417.1,1434.17,1413.9
1408.25,1418.05,1418.52,1403.17
1396.4,1408.55,1411.62,1392.77
1394.9,1396.46,1398.31,1380.05
1412.65,1391.6,1416.61,1384.7
1391.45,1412.1,1415.22,1384.85
1367.85,1392.1,1399.92,1365.77
1391.61,1365.72,1393.2,1363.28
1387.05,1391.45,1391.45,1382.83
1364.45,1387.95,1391.52,1358.2
1366.75,1364.25,1368.51,1357.46
1321.05,1367.4,1367.5,1321.05
1326.72,1321.36,1331.03,1305.03
1314.0,1329.6,1332.92,1304.46
1309.65,1313.6,1323.92,1306.5
1365.15,1309.7,1367.77,1291.95
1365.0,1365.55,1375.15,1358.8
1325.38,1366.18,1368.4,1324.86
1322.15,1326.2,1332.11,1314.26
1323.2,1321.35,1329.57,1306.51
1333.6,1322.8,1338.51,1317.11
1323.7,1333.5,1339.21,1319.15
1336.2,1323.64,1344.3,1320.43
1327.55,1335.9,1344.22,1323.56
1286.6,1327.75,1337.77,1283.2
1315.25,1286.75,1323.82,1278.85
1317.3,1316.75,1321.31,1302.42
1311.35,1317.15,1323.86,1306.56
1321.79,1311.04,1328.44,1308.81
1318.8,1321.49,1330.1,1316.3
1307.2,1319.06,1321.95,1294.65
1286.24,1307.22,1311.78,1283.03
1273.11,1286.93,1294.45,1262.63
1273.4,1272.8,1289.47,1268.8
1280.8,1273.15,1288.51,1252.27
1281.6,1280.6,1287.51,1269.57
1319.7,1282.3,1324.67,1274.8
1316.24,1319.18,1325.7,1311.95
1315.75,1316.66,1324.42,1313.56
1340.65,1315.5,1345.07,1310.45
1332.35,1340.75,1342.57,1329.8
1347.15,1332.35,1352.22,1330.6
1352.13,1346.73,1355.6,1336.54
1352.2,1353.16,1362.21,1346.5
1344.3,1352.1,1360.67,1340.87
1342.8,1344.05,1359.77,1334.81
1323.8,1343.3,1343.4,1319.4
1315.35,1323.7,1327.86,1306.3
1314.74,1315.12,1322.24,1311.74
1311.6,1314.85,1319.77,1306.75
1318.4,1311.97,1322.31,1309.45
1307.95,1318.16,1325.71,1298.71
1288.2,1307.84,1313.06,1281.4
1283.28,1288.76,1288.91,1279.39
1267.99,1283.07,1285.3,1261.28
1278.99,1267.58,1279.24,1265.89
1287.39,1278.67,1294.38,1278.53
1290.05,1287.04,1291.14,1280.42
1274.35,1290.45,1290.61,1270.35
1275.25,1274.71,1279.02,1269.3
1243.2,1275.62,1276.67,1241.3
1242.75,1243.19,1250.01,1236.69
1243.6,1243.01,1249.32,1241.55
1252.6,1242.08,1253.54,1227.72
1243.3,1252.6,1256.89,1239.89
1237.4,1243.42,1254.81,1236.65
1244.15,1237.76,1245.82,1235.32
1253.49,1246.24,1256.11,1242.26
1220.05,1251.42,1251.42,1217.78
1223.89,1220.04,1226.38,1215.98
1243.66,1223.89,1250.75,1211.89
1224.88,1243.77,1244.0,1217.3
1228.85,1225.22,1243.61,1212.41
1240.94,1229.58,1243.19,1225.38
1260.72,1240.82,1267.74,1237.97
1251.75,1260.91,1263.4,1250.5
1223.8,1251.3,1257.4,1223.5
1238.3,1223.8,1239.0,1220.6
1240.57,1238.08,1251.89,1227.59
1230.1,1240.3,1248.6,1227.8
1218.07,1231.54,1244.7,1216.15
1190.1,1217.96,1226.76,1186.8
1203.25,1190.51,1207.6,1185.71
1198.84,1203.52,1206.38,1192.77
1204.35,1199.44,1206.36,1197.01
1204.7,1204.69,1205.1,1203.29
1210.7,1204.99,1216.1,1201.24
1213.19,1210.59,1219.04,1209.03
1196.4,1212.15,1216.26,1195.39
1205.55,1196.62,1214.21,1185.11
1205.9,1210.41,1210.61,1199.4
1224.89,1204.88,1231.04,1203.72
1236.55,1224.94,1240.38,1222.14
1238.05,1236.93,1248.76,1233.1
1232.1,1238.17,1245.86,1225.2
1226.1,1231.97,1232.84,1218.83
1228.0,1226.17,1231.91,1224.02
1247.1,1228.01,1248.81,1226.94
1253.44,1248.28,1255.18,1243.72
1245.1,1253.12,1255.38,1241.83
1241.74,1245.1,1245.39,1234.49
1242.55,1241.49,1245.26,1236.55
1253.82,1242.53,1255.28,1238.05
1254.35,1254.01,1261.0,1251.32
1241.49,1254.18,1256.24,1236.07
1236.49,1241.55,1244.14,1236.14
1264.35,1236.64,1265.8,1231.76
1269.25,1264.67,1273.31,1257.2
1257.07,1268.85,1278.48,1252.16
1256.55,1257.01,1261.51,1249.36
1268.4,1256.9,1270.27,1249.65
1243.7,1268.24,1268.53,1238.39
1243.8,1244.07,1255.51,1238.75
1257.64,1245.14,1266.54,1240.68
1255.0,1257.99,1260.93,1247.62
1258.01,1254.86,1273.73,1252.51
1257.64,1258.14,1266.98,1252.88
1267.06,1257.68,1272.18,1256.22
1274.9,1266.31,1278.31,1265.4
1291.85,1274.79,1293.83,1273.8
1291.25,1292.02,1296.52,1284.4
1302.7,1291.11,1302.8,1286.14
1318.93,1302.83,1321.34,1299.97
1329.1,1319.15,1330.37,1318.65
1321.6,1329.2,1332.71,1312.95
1311.8,1321.84,1323.39,1308.93
1322.89,1311.64,1325.18,1307.85
1323.39,1322.72,1328.79,1316.12
1337.0,1324.99,1339.0,1319.11
1340.75,1337.0,1344.01,1331.72
1330.75,1340.31,1345.4,1322.14
1331.44,1330.58,1336.48,1323.97
1326.4,1331.67,1333.91,1320.22
1350.9,1326.5,1355.41,1326.5
1334.9,1350.95,1352.61,1331.54
1337.39,1334.83,1341.88,1332.58
1351.35,1337.45,1353.37,1331.35
1340.25,1351.21,1352.9,1329.75
1339.15,1339.27,1345.41,1329.47
1349.95,1339.35,1353.11,1338.0
1367.08,1349.39,1371.1,1345.44
1370.6,1367.5,1375.46,1364.65
1382.24,1370.59,1388.4,1368.06
1366.95,1382.07,1392.37,1362.53
1356.25,1366.8,1367.77,1350.8
1331.45,1355.95,1360.26,1328.0
1328.5,1331.05,1335.21,1320.85
1334.55,1328.55,1343.04,1328.45
1309.62,1334.74,1334.86,1308.04
1311.05,1309.6,1317.86,1306.2
1304.1,1311.25,1317.01,1298.9
1291.14,1304.14,1307.15,1289.3
1294.0,1293.64,1299.2,1285.84
1284.25,1294.3,1298.81,1282.65
1279.15,1283.79,1288.25,1277.44
1289.8,1279.85,1295.21,1278.65
1287.3,1289.89,1294.2,1281.59
1302.7,1286.62,1307.09,1284.33
1296.65,1302.9,1304.8,1295.8
1308.72,1296.29,1314.93,1296.29
1311.9,1308.25,1315.3,1300.94
1318.92,1311.64,1324.9,1310.84
1318.47,1317.94,1324.33,1314.24
1326.4,1318.94,1331.2,1318.84
1302.65,1326.81,1328.51,1290.95
1302.8,1302.84,1307.6,1293.59
1294.85,1302.4,1304.8,1293.24
1293.78,1293.78,1293.78,1293.78
1290.15,1294.67,1301.51,1282.01
1283.5,1290.24,1293.0,1277.6
1283.9,1283.51,1289.22,1281.05
1293.85,1284.01,1298.51,1268.85
1303.45,1294.01,1305.61,1290.6
1296.1,1303.2,1306.61,1292.3
1296.48,1296.04,1301.4,1286.49
1291.9,1296.01,1298.01,1285.8
1284.1,1291.65,1293.21,1277.7
1300.32,1284.19,1304.9,1277.1
1309.85,1300.74,1315.95,1299.61
1307.65,1309.9,1314.71,1305.0
1289.55,1308.01,1315.31,1287.0
1289.6,1289.74,1295.3,1285.74
1289.33,1289.5,1294.9,1285.64
1295.8,1289.2,1304.3,1280.1
1293.35,1295.91,1299.21,1289.25
1305.6,1294.46,1309.4,1291.79
1296.35,1305.45,1307.35,1291.15
1293.7,1296.61,1298.76,1287.85
1291.95,1293.42,1305.25,1289.66
1294.25,1292.15,1297.05,1286.15
1291.85,1294.15,1296.6,1283.45
1293.85,1292.04,1303.85,1290.05
1293.11,1294.04,1295.95,1287.99
1293.05,1292.71,1294.41,1290.91
1263.7,1292.95,1293.7,1263.5
1258.5,1263.7,1267.69,1256.02
1256.05,1258.79,1260.5,1251.55
1251.05,1256.0,1260.46,1242.35
1244.35,1250.89,1250.89,1241.04
1244.65,1244.39,1248.15,1241.06
1243.8,1245.24,1250.0,1243.5
1253.6,1243.8,1256.81,1241.21
1252.73,1253.69,1258.0,1246.31
1252.08,1253.79,1257.7,1251.76
1260.8,1252.15,1263.31,1250.21
1260.74,1260.49,1265.5,1258.0
1273.36,1261.49,1275.0,1260.05
1277.0,1273.69,1278.2,1271.0
1271.6,1277.06,1285.16,1270.51
1271.5,1271.65,1273.56,1259.16
1278.4,1271.3,1280.0,1266.96
1320.1,1278.44,1322.1,1276.01
1314.82,1320.2,1322.4,1306.75
1318.1,1313.7,1318.61,1309.91
1318.3,1318.54,1326.6,1314.15
1319.5,1318.74,1325.15,1310.8
1317.95,1318.65,1320.15,1306.25
1315.35,1317.91,1322.31,1312.76
1327.5,1315.8,1329.41,1310.21
1325.75,1327.15,1332.41,1323.72
1327.45,1325.58,1332.21,1321.32
1319.8,1327.7,1327.7,1309.95
1320.55,1320.29,1323.8,1318.8
1320.2,1320.16,1320.3,1311.9
1318.95,1319.75,1325.35,1313.45
1326.7,1319.69,1332.69,1318.5
1335.55,1319.34,1345.65,1319.34
1338.15,1335.81,1339.54,1333.87
1307.15,1338.45,1339.71,1303.21
1294.45,1306.85,1314.25,1292.05
1299.37,1294.4,1304.4,1292.9
1318.25,1300.24,1324.65,1297.85
1310.9,1318.7,1324.75,1304.57
1311.9,1311.05,1318.51,1307.01
1307.35,1311.89,1315.2,1301.75
1304.15,1307.7,1311.31,1302.61
1293.35,1304.14,1305.35,1287.81
1308.05,1294.0,1308.5,1290.16
1304.25,1308.25,1309.46,1301.42
1298.75,1304.59,1312.75,1295.85
1295.05,1298.94,1302.76,1291.85
1282.35,1294.86,1297.56,1281.02
1294.1,1282.24,1297.2,1280.9
1288.35,1293.98,1295.81,1286.17
1288.0,1287.91,1293.66,1282.56
1306.25,1288.05,1309.86,1287.46
1313.55,1305.89,1314.75,1302.11
1309.6,1313.5,1322.86,1306.16
1308.1,1309.35,1311.66,1304.96
1308.6,1307.9,1317.86,1305.46
1312.86,1308.69,1315.6,1304.9
1313.24,1312.86,1319.6,1309.19
1304.6,1312.95,1315.41,1292.61
1297.46,1303.91,1304.07,1295.72
1295.5,1297.65,1302.61,1293.96
1292.15,1295.6,1297.91,1288.04
1277.25,1291.8,1291.8,1273.32
1281.23,1276.64,1283.5,1274.49
1276.6,1279.67,1281.06,1274.42
1280.9,1276.55,1291.06,1275.5
1282.95,1281.09,1288.0,1280.4
1290.0,1282.75,1296.76,1283.02
1287.57,1290.29,1291.8,1283.66
1287.3,1287.05,1290.36,1282.8
1265.9,1287.59,1288.1,1262.92
1269.07,1266.14,1271.8,1261.69
1261.1,1268.8,1276.76,1260.26
1268.85,1260.96,1273.71,1257.16
1255.7,1268.75,1271.85,1251.5
1256.2,1255.43,1258.25,1247.41
1248.75,1256.19,1258.15,1243.91
1240.75,1248.68,1250.46,1234.97
1228.63,1240.59,1242.04,1227.75
1233.0,1228.4,1238.56,1225.56
1235.2,1233.1,1242.16,1231.92
1223.25,1234.95,1239.46,1221.67
1225.45,1223.2,1228.06,1216.27
1216.45,1225.5,1228.86,1213.87
1215.05,1216.54,1220.7,1208.72
1222.95,1215.3,1235.06,1214.11
1217.05,1222.81,1226.16,1215.96
1222.62,1217.02,1224.88,1207.03
1219.51,1222.59,1230.5,1212.54
1215.95,1219.2,1223.76,1214.78
1209.24,1216.24,1219.96,1204.9
1213.65,1209.0,1219.66,1204.75
1213.5,1213.34,1221.84,1208.69
1191.2,1213.84,1215.9,1190.14
1207.15,1191.79,1209.2,1183.96
1209.0,1207.15,1213.06,1202.91
1221.7,1209.39,1223.84,1205.12
1224.15,1221.84,1233.6,1219.15
1223.48,1224.49,1225.84,1217.6
1237.15,1223.54,1237.65,1223.34
1232.75,1237.08,1238.3,1231.25
1241.07,1233.65,1249.8,1222.17
1239.1,1241.67,1245.6,1235.75
1238.19,1239.69,1242.3,1231.99
1246.6,1238.54,1248.94,1234.7
1249.3,1246.99,1255.6,1245.4
1241.03,1249.57,1250.08,1240.66
1232.15,1240.85,1244.96,1226.43
1231.46,1232.59,1234.7,1229.1
1225.4,1231.5,1232.26,1225.06
1228.4,1225.76,1235.81,1222.9
1211.8,1228.21,1230.86,1208.52
1198.9,1211.5,1216.76,1195.96
1174.42,1198.91,1203.3,1161.75
1165.35,1173.76,1174.17,1162.17
1168.3,1165.55,1174.3,1164.0
1141.4,1168.19,1169.85,1137.7
1141.2,1141.45,1149.7,1138.1
1176.65,1141.2,1178.99,1132.25
1150.6,1179.41,1179.41,1147.45
1164.8,1150.65,1173.6,1146.32
1160.92,1164.67,1170.37,1157.51
1161.96,1160.84,1168.12,1154.24
1188.25,1162.09,1193.74,1147.04
1186.55,1188.75,1194.26,1181.62
1197.55,1186.42,1205.0,1183.3
1183.3,1197.57,1202.77,1175.97
1193.75,1183.36,1197.31,1176.87
1201.4,1193.78,1208.01,1186.95
1197.4,1201.53,1204.24,1192.85
1201.19,1197.55,1203.4,1190.8
1197.9,1200.96,1202.61,1195.02
1191.75,1198.2,1200.1,1185.95
1167.35,1190.7,1191.56,1165.35
1210.9,1167.06,1221.46,1143.38
1199.01,1210.74,1213.05,1192.32
1209.64,1199.01,1214.95,1194.65
1205.78,1209.7,1213.7,1201.53
1192.05,1205.7,1208.2,1186.5
1203.2,1193.09,1208.59,1187.31
1230.85,1203.64,1238.55,1199.45
1226.75,1230.43,1238.25,1224.78
1227.95,1226.75,1233.2,1216.3
1222.6,1227.99,1228.38,1215.98
1192.6,1222.25,1224.24,1190.97
1196.6,1192.59,1221.79,1188.8
1188.7,1196.69,1203.4,1184.23
1198.4,1188.7,1213.55,1188.65
1195.95,1198.55,1202.1,1193.9
1175.05,1195.33,1202.18,1170.56
1175.68,1175.03,1185.49,1172.59
1173.8,1175.7,1181.8,1173.05
1195.4,1173.45,1199.75,1173.45
1183.1,1195.71,1197.79,1179.35
1200.24,1183.37,1210.29,1180.89
1183.95,1200.26,1204.0,1179.55
1181.97,1183.78,1184.53,1181.97
1189.18,1182.7,1194.6,1168.75
1204.45,1189.34,1208.15,1183.45
1219.2,1204.85,1223.15,1201.85
1210.8,1219.55,1219.85,1209.2
1208.98,1210.51,1216.65,1204.67
1223.4,1209.65,1224.0,1207.45
1233.64,1223.0,1236.29,1218.56
1230.88,1233.62,1244.12,1227.53
1229.95,1230.76,1244.4,1224.95
1261.64,1229.95,1266.59,1226.18
1280.3,1262.05,1281.99,1255.37
1277.08,1279.67,1281.63,1272.22
1293.94,1276.54,1297.23,1274.09
1293.44,1293.64,1305.38,1285.59
1301.73,1293.2,1306.7,1279.55
1294.55,1301.38,1302.9,1284.66
1281.24,1293.68,1299.14,1276.14
1292.35,1281.08,1297.77,1272.58
1285.1,1292.35,1294.55,1281.5
1257.25,1285.35,1286.25,1252.61
1283.55,1257.61,1285.35,1257.25
1275.44,1281.81,1283.85,1266.93
1260.2,1275.4,1285.59,1255.7
1270.05,1260.25,1272.2,1256.85
1264.7,1269.9,1274.0,1256.52
1233.72,1264.82,1269.3,1228.75
1239.68,1235.18,1244.35,1234.54
1234.0,1239.55,1246.0,1230.7
1219.16,1233.75,1239.3,1218.26
1222.5,1218.73,1232.9,1216.75
1229.7,1222.38,1235.7,1221.01
1231.47,1228.58,1236.88,1228.01
1209.4,1231.05,1234.15,1203.7
1212.99,1209.41,1212.99,1197.95
1207.45,1212.7,1223.5,1205.4
1202.39,1207.41,1215.39,1198.43
1201.92,1201.89,1210.7,1191.51
1199.89,1201.71,1204.6,1191.3
1204.8,1199.55,1212.2,1199.5
1209.05,1205.16,1220.75,1203.95
1213.15,1209.45,1219.9,1204.65
1207.1,1213.8,1223.6,1204.6
1203.8,1207.19,1215.09,1195.39
1199.85,1203.75,1209.4,1198.25
1198.6,1199.75,1209.7,1196.4
1167.21,1198.65,1201.29,1163.94
1167.3,1168.65,1176.15,1166.15
1161.93,1167.1,1171.35,1156.35
1154.8,1162.15,1165.95,1147.85
1153.7,1154.6,1166.7,1148.9
1159.48,1153.9,1162.55,1151.8
1154.59,1158.5,1164.46,1150.6
1149.3,1154.55,1159.85,1143.61
1167.25,1149.25,1174.61,1145.9
1171.3,1167.25,1177.86,1160.06
1182.68,1170.7,1188.3,1168.55
1189.3,1185.96,1192.1,1179.45
1193.13,1189.35,1195.7,1185.25
1195.45,1192.9,1199.9,1186.65
1204.38,1195.55,1219.8,1194.5
1199.3,1204.25,1206.7,1192.91
1186.2,1198.85,1199.5,1182.55
1183.5,1185.4,1191.2,1178.45
1204.1,1183.35,1209.0,1180.35
1202.59,1204.95,1208.15,1195.75
1210.9,1201.74,1212.74,1200.11
1214.7,1215.63,1224.5,1213.85
1208.6,1214.69,1215.91,1207.45
1202.8,1208.85,1212.6,1197.85
1195.01,1203.07,1203.76,1192.86
1208.05,1194.3,1211.1,1193.3
1198.85,1207.38,1209.83,1196.81
1193.58,1199.2,1202.1,1184.18
1202.05,1193.21,1205.35,1189.38
1197.65,1202.45,1209.6,1195.06
1204.65,1198.6,1208.1,1197.28
1196.5,1204.9,1209.4,1191.54
1202.68,1196.81,1204.4,1193.3
1187.3,1202.75,1205.2,1185.73
1194.0,1187.56,1198.4,1184.05
1179.38,1194.16,1196.51,1175.24
1202.0,1179.76,1207.46,1178.75
1212.1,1202.75,1215.5,1199.3
1204.8,1212.1,1213.7,1201.63
1184.37,1205.18,1207.52,1177.32
1178.5,1184.56,1185.26,1170.6
1188.25,1178.95,1193.45,1177.88
1193.33,1188.56,1200.1,1185.9
1191.8,1193.19,1197.9,1188.3
1184.8,1191.8,1193.3,1179.16
1188.15,1184.66,1193.61,1182.13
1184.2,1188.95,1192.1,1179.5
1193.5,1183.8,1197.0,1181.05
1215.73,1193.45,1219.3,1191.3
1221.52,1215.71,1227.44,1212.05
1223.85,1221.76,1226.75,1211.55
1225.74,1223.3,1232.7,1221.5
1207.51,1225.27,1225.57,1205.56
1209.28,1208.01,1213.47,1203.02
1206.45,1210.11,1212.95,1201.91
1206.38,1206.75,1215.2,1201.7
1207.17,1205.12,1208.97,1202.92
1187.3,1207.3,1208.0,1186.1
1188.15,1187.44,1191.55,1184.51
1188.45,1188.21,1192.75,1181.3
1190.5,1188.65,1193.81,1187.08
1189.15,1191.0,1204.81,1184.6
1193.38,1188.95,1196.12,1185.48
1185.5,1193.86,1195.81,1180.18
1176.26,1185.51,1186.41,1172.76
1172.0,1177.24,1179.35,1163.1
1173.95,1169.45,1178.1,1169.2
1176.7,1174.36,1183.4,1172.75
1186.48,1176.75,1192.6,1175.35
1182.3,1186.61,1188.21,1176.16
1180.8,1182.01,1184.7,1176.93
1186.4,1181.5,1190.8,1173.02
1181.86,1186.06,1188.11,1176.13
1185.45,1181.9,1189.4,1174.48
1201.42,1185.26,1206.0,1183.81
1200.51,1202.36,1204.75,1198.7
1185.45,1200.61,1201.5,1182.65
1178.44,1185.86,1188.7,1176.32
1175.2,1178.25,1180.3,1171.43
1173.33,1175.29,1178.7,1171.52
1175.07,1173.35,1179.09,1168.74
1180.36,1184.96,1187.32,1173.99
1172.6,1180.06,1180.8,1166.75
1168.8,1172.7,1175.3,1167.43
1166.15,1168.8,1169.11,1157.25
1167.94,1166.29,1170.5,1164.96
1170.15,1173.3,1175.2,1163.3
1155.55,1170.5,1170.65,1148.45
1158.28,1155.18,1165.03,1147.18
1159.65,1158.62,1167.46,1156.2
1163.96,1159.75,1165.5,1157.9
1158.0,1163.3,1164.6,1151.18
1155.53,1158.06,1159.96,1153.04
1149.65,1155.9,1156.96,1143.83
1145.15,1148.86,1149.9,1142.6
1134.1,1145.61,1146.1,1131.2
1096.95,1133.35,1133.35,1088.45
1101.41,1098.55,1109.87,1097.05
1093.45,1101.06,1103.56,1087.39
1090.8,1094.5,1106.0,1087.01
1099.1,1090.85,1102.35,1077.75
1094.42,1099.55,1105.3,1089.19
1095.35,1094.31,1099.0,1091.4
1096.69,1095.48,1101.85,1090.21
1088.99,1097.76,1099.82,1083.36
1095.65,1088.66,1103.38,1079.75
1086.5,1095.61,1098.15,1085.92
1087.45,1086.18,1095.05,1081.05
1085.05,1087.59,1092.16,1082.85
1089.41,1084.9,1094.3,1083.6
1094.2,1089.4,1099.9,1083.16
1104.51,1094.39,1109.2,1089.8
1109.01,1104.41,1119.4,1093.65
1125.3,1108.91,1125.8,1101.75
1115.05,1125.46,1126.71,1113.42
1114.11,1115.16,1121.4,1111.81
1117.66,1114.35,1123.05,1113.7
1118.01,1117.91,1121.6,1109.55
1134.46,1118.01,1134.66,1116.35
1153.16,1133.95,1154.5,1132.81
1161.05,1153.91,1168.8,1148.85
1155.05,1162.35,1167.9,1146.75
1140.65,1155.45,1157.2,1134.9
1125.55,1141.15,1147.0,1117.75
1125.71,1125.65,1129.8,1118.15
1133.96,1125.8,1141.2,1123.7
1134.5,1133.25,1136.8,1125.96
1140.11,1135.01,1147.57,1134.51
1134.05,1139.49,1143.0,1132.31
1125.25,1134.01,1134.5,1121.75
1123.0,1125.25,1130.2,1117.15
1119.47,1123.22,1124.88,1116.58
1121.8,1119.3,1126.8,1118.45
1106.1,1121.96,1125.8,1101.51
1111.55,1106.81,1115.3,1104.0
1107.9,1111.56,1113.4,1098.75
1108.8,1107.8,1110.7,1103.4
1105.4,1108.19,1109.8,1102.91
1119.55,1105.5,1124.7,1103.95
1131.4,1118.89,1133.4,1115.4
1139.4,1130.85,1141.9,1127.3
1133.3,1139.4,1140.1,1130.0
1124.8,1133.16,1136.6,1121.18
1130.4,1124.1,1134.4,1121.75
1154.01,1130.61,1156.7,1130.45
1146.24,1150.97,1151.18,1140.84
1132.05,1145.8,1148.3,1128.1
1127.46,1132.25,1134.9,1124.35
1115.0,1127.46,1128.2,1112.0
1113.55,1115.14,1119.29,1111.13
1138.14,1114.08,1141.9,1104.52
1135.75,1137.71,1141.95,1129.73
1147.11,1135.65,1151.61,1135.11
1145.4,1146.96,1153.7,1141.96
1138.96,1145.49,1151.6,1136.9
1157.53,1139.1,1160.2,1138.8
1164.0,1155.71,1169.4,1154.9
1168.8,1163.55,1169.0,1151.56
1185.19,1168.59,1190.38,1164.05
1183.11,1184.1,1191.04,1176.37
1177.2,1182.21,1184.5,1174.25
1170.45,1176.0,1177.9,1168.25
1176.11,1171.0,1180.7,1167.15
1167.1,1175.81,1179.6,1163.9
1166.05,1167.06,1172.2,1162.9
1164.26,1165.61,1179.8,1159.16
1163.2,1164.45,1169.6,1162.3
1166.95,1162.96,1168.9,1160.91
1156.1,1166.75,1182.9,1152.4
1145.91,1156.09,1162.76,1144.6
1142.38,1148.04,1150.47,1139.48
1133.75,1141.49,1143.01,1132.75
1117.6,1133.6,1138.3,1114.48
1107.44,1117.63,1122.85,1106.38
1103.95,1107.56,1111.61,1102.75
1088.64,1103.89,1110.68,1085.29
1092.1,1089.94,1095.88,1088.34
1089.91,1092.01,1094.9,1085.45
1086.14,1089.85,1093.69,1084.04
1085.05,1086.26,1089.6,1074.66
1083.64,1085.05,1088.29,1080.04
1082.85,1088.14,1098.29,1081.32
1070.37,1082.86,1084.82,1065.59
1071.14,1070.3,1073.18,1065.34
1082.4,1071.15,1086.5,1069.75
1078.1,1082.3,1087.8,1075.68
1069.34,1077.01,1077.01,1067.0
1075.49,1069.24,1080.89,1068.99